SerialNumber,Filename,UUID,hash
1,adewale-the-amebo,cad316c3-37f8-4b27-9f53-9d803bfcfee7,d1424fb8c95b5394a5a0e1c99a701f2ffb37e5b13c79887a19f6c211d28b7ed2
2,alli-the-queeny,a57ecda4-a26f-4e97-a757-e1800af39aab,1dbe93fde63046568609c624deda444da9854e3b8bed9d4dab00f0b5a45c7eeb
3,aminat-the-snnobish,0e37ed0d-3e84-4f32-a91f-ec9c4ba8c7de,0c46a8a14d8b395a075a4f1a2693e251b5382b49e235cd7f6daec1d1be4f439a
4,aminu-the-carpenter,4f30b751-96e7-40fe-97fd-e3d44973ff2f,deba9fa93b799cfe17fb5eb00de24ee8c03c21e25da08224288e7d54ffa4a044
5,chibuike-the-kudibag,5ce854f2-7ac1-46fd-b3fe-57583935d1e5,42ba37ac13ac42816073edbd8387791aa30e3e9b990ca76dbf7d3fe0d1fa742a
6,chidinma-the-model,c98db72e-49ac-4ca6-89d5-e00f5fbbcc45,52579b35c612e5794021d557eb0c89e143aa709e1e24b7bba36cbb633f39fe2e
7,chioma-pretty- girl,182ea888-a85b-42ca-ad73-ed4f8f9aa5c7,b94ba0239a8f3ca74068c41d4dd44f18212ba699a6fe90dc5d8aea5f1ee54cb4
8,damilare-the-handsome,27eca2dc-d7df-474a-8f8f-1858152c711e,bea5c59b5f13c062e4c6568a13ea864bb286a6b6bc419b035e298054d0e8f896
9,ebiowie-the-planter,f1df8270-4d60-4bd4-8959-ba7c384db5c4,1123ca129a4be5e5ed92b5a6a98a36e9444bd57cbf12df9223a2cccb9a311fe5
10,emeka-the-businessman,9b3d75da-4887-4089-aee4-50de3954fdc9,2fa55bf8fe764e6e48ac4d5c56d1952e7a642519fa5dcb36d3544716ed82bded
11,gbeminyi-the-monk,c8b1fd1d-8551-4bb4-8dc4-923a9aeb39fb,a5a0cd247c1c6006c0fb46cd90c4de368f022890cc107a5fdf2947d837e305aa
12,henry-the-sportsman,e1225451-bfdf-4a1f-8d37-9cce3a0bd67b,d87224e7b037615ac7813345447610fd94e4d58ee272b65966f9c574182ffdc7
13,mayowa-the-smallie,dfbb4163-df24-4d54-b74c-6218a68df8bd,6678dba27bdd4bb6ea9c1e89327a63037e2b0f784c9c73d0713283251efd84b0
14,muyiwa-the-stylish,dcf9d5a0-57b7-4126-a05e-6c8f1045d3f7,7173e75bc95ffb0ad9ca6a79ac6d78d6aeded9f1c7ef73ff8c0ff1c2cba1ad4e
15,nina-paper-chaser,59524227-dc52-407c-8cca-e9e8c5fb3018,0575e0960180e0d7f9d39481e3269fb43c3683ba98f66a1347dc94f2d654ea93
16,oluwaseun-spicy,808f7007-6552-4efa-bd13-4b7c337b102b,fa675fadf2ad427778b080977ed25a9b49bc07d089cc7fc75731079c9f1f5148
17,sesan-the-smartie,ba3edda7-8940-4ca4-97ba-826398d5909f,48bdeeb1fd69bc965ce16bd3f0d828bcaacf81f1bd4a8d0c66c18a3aae8945f3
18,tiwa-london,78da7aeb-8352-4e25-89ac-dc48b5984089,774221f5d9afeded98c5810a8a5522661f607c4f8ea9e946981ed0efc8e8c7d0
19,19,53b46bd7-a537-402b-b249-0b4074a8faae,9e7dc0db881a82eeec5547438729ce9657756ad44138953a87920d2b1fccbed5
20,yakubu-the-zombie,4adb6781-1614-424e-8f77-fe59ffca2209,6533b75acca3eb0c1acd52dff6abd5b5612866bf7b523afdd2e72db1f3d8e70f
21,abdul-the-vibe,770f817a-9d9a-4772-9a91-e66dd9d03470,cba34afd9a744e1dfd1b284798f3d89654ebee886136840fedd3c9a41820a2e6
22,emeka-the -clown,78810fa6-a7ef-4d83-bf57-caf49db4ee69,acdd4dc44634a6846fb99a88006ec4482726f395095e5b4ccc6152684917c141
23,salam-the-odogwu,f2957ded-022c-4b07-92c6-b345d4816a67,1eeb1e6225af56b9b237a2a90d44a9ec20a51cf64aefff58759af971da40140a
24,charles-the-exporter,09395e76-19ed-4852-8748-795ee7496a8e,d726871f2829e86015fcfe607d37c8fb68cc757540294788e894c80ea3681ba5
25,wole-the-pimp,4d94d4f7-9b69-4e43-9db1-1fe83df92857,6d2d07e584fe41e8f7483dea724a99d43274fdb0ea230401f2f5ea0343e22c16
26,saro-the-baller,d35a7514-8996-42fb-a5f2-5a603ec679c5,b09f964a5f7174aedc1284bb9e77d7bd7d3542e524a130a14b971cfdf6abd485
27,ade-omo-yoruba,92984fa0-310b-4377-8a10-15965d044383,ba75d7df34fa1b25a1e85836e0c6008f12948d59eba86b198980ed1f04c405c2
28,shola-cool kid,3ac5c186-bc14-4eb6-8567-cc818465a64f,c4598c89b2801c84f4e92401e9aaf166bd33b616c83b557606666dae4a3253df
29,charlie-the-smoker,71a0aa22-d111-43b7-8484-43d87310bc42,9c5c34a73be6804ef1a4e089128ce08fdf228e0a8e1014dad4be994204290adc
30,femi-the-badguy,e493e3fb-a8a0-455a-854f-0f6474bbc69f,16cd2f3ee8d338e1d41228781d99dbab9c0e777d48b110ab708ed66d4ba98944
31,sinzu-money,942f8347-9932-4331-bd15-d0f3a048b54f,0862b264dc46f45384b84fc1bbc6db766fad546db60c0662adcb444d0fbbafde
32,obinna-the-palmwine tapper,0f1af056-2548-4407-bed4-abc11deae05d,4e40ca11f9b5fedcfea34fb87e00362dfa3dc41031f2a3fae3dbd9756bb66f24
33,aminu-maikudi,0129e7a5-e3d0-4675-92d0-1a1e55d11612,7c66285595f3ca4750bd191acf573aad207d0a3c4e2aba62ba3496eff60a54a1
34,sabinus-the-town crier,01d4ce96-818e-44b1-8813-68a7d34b35ba,7a7a89a46e7420c4ada7fa5fa8b77e105a188847c51add969c1cf3be98124fdc
35,adisa-ibadan,3a925f27-35f6-4dbf-9960-c6527fae5f3e,1d2c4992568a91d522dc5f043b1736f90a56f4c04b5fe767db26d9adee9fe9ec
36,linda-the-navigator,71f335a6-5a4f-4410-9cea-179336f0e498,4982dc953d5fbb8a3f118379a91efc13d7fa7cfb646b78ac5196af40f42bdb7d
37,kemi-the-iron lady,35b11a31-5b92-49f4-8fb1-30f255d22054,70c74f46eccb73183c8876e56f4cb1ac81cbadaf9d1f71abb33f76408587bbd0
38,mercy-the-sassy lady,7a3c70ac-927f-4a63-a3df-ab86dd27cd0f,532a222bafbdcb8c9645acc71ff9be4e3d98ef85be16dbe513d9dae9304c8500
39,sandra-money,1bd95fb0-7b2e-4354-bebd-22f9cf70a1ca,74c017d3c3d80795fe5d3d335e2197199cbd422e56bc676022d0dfc09934a001
40,bimpe-the-fashionista,92b548b7-998b-46b6-8198-80d407209483,fde2a3c3925135d8967f10a93382e0667c4b4a71b698b1caa80770a29deccd34
41,,,c8a290f86bfd50ac835e4e7a753426d3cc9cce73c2f6bc06ed46dc395633c0a4
42,,,64eae671a599d1b9d7a19338a211592eb98556a69afe4dbedb199fff4100cb00
43,,,2e9c95734d8c10c16615ddee8240e367d4f56691fa04a6a5ebed13d3674ba479
44,,,681e6b555334d568d35ee427edf0d0407bbc767953bed5cfb0f5c8dfeb6641e8
45,,,867c4b84e645a3b7c5dc7d92576063e94e910d222c04a953a077b0d4126481bc
46,,,a91ef7242344654b9ea3f6a8a42586c1f536c5158fb7a00262958fceba3f453c
47,,,28c5ab81a6a083dd2e99c51a334fe811c161cbcb9bf3e7ea66f46c4be9994ef6
48,,,b8b2a654e6ebb4c550d5c623fed8c391f4f1aca3a55176f7085918246bb6f9ec
49,,,00f359baf51003dfaf692d20fb68ef808284aab081dcc5b8a17d73e07b97900d
50,,,7bbc0e9b23ff0162ba3ee781dd158f5428fb8b0689d488d2c0416f22f3e9d4bc
51,,,d14c9984622ecf1f6e6069c0ca5403562f563dfdd2de151297650db59601f58b
52,,,e79ed54fdf99596a9496f3a501e22fb69c22222bda0f32ef75a6ac3e01f7baf5
53,,,00d4fb50d0bbc7dc7f62099ab177312d46aab03155b730a1bf519e829bb6e49d
54,,,b56f77fda3fd718857a8f1c24c400b628c3380d24274b4f0868bfb8e89e9aeab
55,,,cd3df0d0cd18150ebe5d12504c6c1c90299ef0f9a7af8798d27eb9bfc0c0ad5b
56,,,3938816c9d03ea2c52fc4af96e631a3cdf561affa4941e91ab0c77101b6228b4
57,,,f29793c4a5ea6b2093487ad5d010c652d891e96abfdc66229b2ef2a42c6ef52e
58,,,12f8735c5acad0e4622b973ec78a04436ecf653726cf78a318345dc589215d98
59,,,02f60831f1c3dd9d1fd8ea7bdf91d106af3073f69fed7a191dd1a4182c499fec
60,,,47234cc12113a1a620170fc20b740df4311a20968218507f8de0ae11ae7a4a9e
61,,,672fdff57999f4c8c6343f33c8cc966cd1d8fb117cf51b28f8279182e7575cb0
62,,,a13fb1fe8768e71d6c44a826aa2ecb37a089d4b460d57e81c092783aaee35fc7
63,,,23575d4a562ea1c3a5548368c3f7d77956416ce80244be2ab66ed207f2930dd3
64,,,b68da0e9028ab365e7e2f346aeacd186486ac8061398a87066cc04e0727d7015
65,,,82df966712df65395c6d3ed54a0dc97a60795503da0a0daf11353d9774c5d665
66,,,30a8e02d90e6babeedfb6e63f3f65a63b7465ac19498a3e0fca0ad855c49f41f
67,,,bef33b9fafc4194209873108081002ed6eb285ec9f002f34784df5cf415e89be
68,,,f1f4bb59afdd7fa6b4720b721cf36b2df4a4e5574242323870a7bfec86fd3cf4
69,,,31de42c1375587ee61d795bd1dcdeeb8a20d0b5e5b78d67597af254800e50872
70,,,5d3cabd52575f10f643e9370c7b158c8c1723c00263f1dd240390990be8c17b5
71,,,c776de0b82e88b4dfcb1d1350b8740e349bbefac91f6632c3dc766cc5f083027
72,,,52477397ae6df2d23f79a98675d9ed2d2eeb01f9972809eb77cc0935158ed620
73,,,6f1a94c18f2ac0b703b0847a5c64aea94b131c0813ae4f73575065b1119b11db
74,,,fbac98cf950b167f3b7b162e3642ed65cebd50d8378f0c473a8bbc6d87ac21e2
75,,,fda42b87c486dedaf47c7a270f07a775d64505e1d5d05412d700ce1ef345f015
76,,,dd1225e35034bc357952b2488fb28ee57d6c2fd0180267ef1a408cd363e4927c
77,,,0a84de0469c2e13611ce72363edb848ab3fb8baf021e5d2760613c8a05b32320
78,,,a85133727fddca8331891d1e6cf866dbb10c87918cc848f1ed3b4b1606f234b5
79,,,22783440c3048260890dc23ef8975529a7ec79e8ac0f9f56ba5663b6080b6c89
80,,,4f2580b8d2f6db9fdedb6df09cfb85f2eaf9866a43d59e5ffa6b24bc0eaea733
81,,,c73f34f484ee2e1724c5289aa2ff04b6801addfe330d9814e3455695e901c8e5
82,,,dee26f8d4ccd01201a806849a1b8275484c069b5c59dccd36025cbf7b8e5b15d
83,,,f4614d69d1b81bca75346bb12ddc2b61cf79d685eba2158fbce072148d83b8c8
84,,,173bf4788dfbd5a587c5479ca30e6ca7bdf433bc0653e89446cd5307747713f9
85,,,a6f42b607c77d71e820a2baf22c64c4d0b2c82d21a8bd6eee313ac010b150486
86,,,d8a1c59b49710b44ef7e0d72189d6425092abebda2681b48df4870246576f944
87,,,0b0cb06aca5a62d450948f953a264b2bc1cd5e19447a1eb88337c1c4e56ce776
88,,,85d6c27fdbd6aa0c313dff641b669c18c5c14a9ebca5477c90522d12bd101981
89,,,e01cd5601ddd487568d6733057d210e723f4a1139437bcbbfff2cd1ae8841f4e
90,,,95b94ca918421d7df7fd6e55bdb00460bb3be09e4b5612b1d92c8a09f12127ec
91,,,08560f443a594626d35e9622e48b949ce8edebb708c802d911db89dfca1b8834
92,,,5bb13655105645243cefd428a1cc69eb140e156c70c513373dadac1b75deeca5
93,,,67df47d7ee3dd7ed9fee3a1bc712decde5bcbc7afe09626b39b779d6d19ad783
94,,,ac9449795194aa55ecb028500384d103ab5f4ecb695b465bacd538ea617fd719
95,,,aea0dd55851526a83bfd5b2c296a915aa7a2ae313cb68e798a67dabfd4314061
96,,,07d3395802129b9a608d77c6ac85108bae3735a1142c057888ce415c3f6c6e93
97,,,4fb94619353c6caf5586c9e485621e154607b279643911cbd719e56155b77db7
98,,,20fefc8b6361c47ceb5a25ed1c2102ec496d604c20d80cb3bc6fd88c52587118
99,,,0343fdc88f045faa58cad125d77fc3a71f86335b1b80cf7442b8592daeb14237
100,,,ff6f064154051c847fae5adc14c678f5b1b283398955a4f5fe0123736ec9a971
101,,,c5e5c4291043814b58188af80e0943a179644428f9df71cd482720b862b04ad2
102,,,2364f92178e7465c285b1721befedec875e9d5fa674b22d59fa5f9ef3587ba71
103,,,9423c4d9793a1bb94ad63769daac50987c4ae41f5eda649fa80a4405f43fd13b
104,,,655ae8b2a603436087cc88bd9c78e94291422bf0aa38d25caac61b3939439cf0
105,,,a4501a2404d3c5c6bece10505b722ab7c5f8cf627f79297a239077c197b7bf4f
106,,,e279fe55e81afb5fbf790859327b450bb42a6b314eee97931196b4a8f7259e34
107,,,2221aebeb7ac70ad575c2476042034302413e4cd957fc2d5ca849a683b74afc5
108,,,7a6462525b00170d6a0a5d73958cde86d6b54117735d4ab15af16b92007fcf82
109,,,c69234da729a5d8103e4113f4e24930d0f153c50ed46329f98aac9c89a9d6c46
110,,,a6b61bcf5a65d1c1aa74693e9b90113dd6335fe066db146128d3d44cc9c9a682
111,,,7df91b6cdfaacdfbef1e05743c530288e1e46632bfdf04077d97a6f02611f01d
112,,,5856173be14738de960d6fc11ab41b6f5918139e4dfbb0558924cd8283846b67
113,,,fd983fd84f820b2852eeef9c329f0ea9a91dedb290c3e2fbe3bca0e2db241ae8
114,,,db03b7b3f73a603ba709105157fe2086a7f18b8ccbaeead0101d6bb8d1b68ade
115,,,4bb6c9cde77c67cdf70db2c24ff1f621f47114016bccbaac30b1b87909026d31
116,,,8bdc70289b62f6298f7e9c5a21619629bb90a43c0cab6d0cb2a7b22ac08e8e34
117,,,d1e81beb0b0c6a8b6e3b826512e4e83dadc149ed68c45c30c3ac67cffa5ea2ae
118,,,f3b65596b8566837915c7b638df0ee093b2b52d9601df1a13a227ffa50429e31
119,,,48932c2eedffb74e98f82bbdf5ceb45c0a61546d3ce9b3ed1802fe3a06afe908
120,,,31c95bd3a3badc4bfe3910f7a8f9cf36ca27d5cb5b29feea773df82ac6624986
121,,,a2f0bd65564226e2a1a9b1f10bc4e96e98f886b9808003c5be1174ab2d7f0942
122,,,c939d70efde5679cc31a23b7fd6729e79deb8a000fb83af7f0004cb77beb0ebd
123,,,d953af3642ceb21683ccb91ab3d7f44057d57a3a62eb90f24bf58df090c16db1
124,,,fbd9ffaf65e5fda0c62a614ba6f4a72e500d1ab8ea1eb8b08879c31c6245cb71
125,,,8215a1aa9cdf3ddca466cd66ec61411dd0543ce9237644579b6dbb7a15497928
126,,,4f6f0e16c1b349c517b13f5d3957a240d4aeb2418b8f44bc97e39af920de4487
127,,,e73a3a504cf9a6f7beef2f312a8d647a6e84c0f14ffe313635113520d8207f8f
128,,,f68ffd417974abc023dad1da7555950fa6fd9935af41204a04e1d28472f2131f
129,,,58a02224c7a664bb6834ecb31fc1f2f4b015fe61e556bdda34148684ad1f1685
130,,,01b4c40b97b15f60540e07b611af2e2597d5c7796e6f512f2941026f31b96ea8
131,,,1315c52eca2257b4a26390225ebc81ea3cf816e9b254dfc5d0c5e4f8c604fbc3
132,,,41ded382c0b810731305f909547606f7f7eb8e3fd31d839a80b2b3cb95560574
133,,,357bc28c521d766d43b98c87774ae5ee389d0c238c7f963c03c664eeb613bbf0
134,,,8dcb606a9bff48af2917764655e9da26f1472adf12d6cadfc8ed3b17177df402
135,,,247d04ff38365dd6948651211af00ea4d6e3ad55086485f374ed066e883e46d6
136,,,23612ea26a0eeeee9ed0ede438a3dec3ae197814c9ed9539ef1313972dd080c5
137,,,9a42f054bf82a4217d1cc477bc6127e2d9630583402026730ebe5fcc89e18083
138,,,e1e3419fb91f6e28ec4a2ac4eec32658f8ba4c7c1d3b2a570d6158333db66837
139,,,e64337af724ffc5f7a92a9565e21c170060e9bc980593637c3739e14f80c0a34
140,,,662eb51c1ca9571b6c00a8b97e21c81fed870b0eaaba221f6aacd58169eea522
141,,,7b2d83e6d7d8650fdf99c935a44b3ff9b6c11fcd5a234958475391e78819e925
142,,,4e8c1a4beacb6230a9e7dd6fb5fa730a437a5c8af56a755fd3523092d470a56b
143,,,84c4912741e6af743b3f1a989e4cceef1f7990ccd164b157af1477572154d8d3
144,,,6ee934d35ad3ac56b2e9786a141bd562a1e96dfb111ca260b84bf50b24684de0
145,,,f5ebbc8c9f77792f9801a6fbe5a8174035a7ac41c10e4e58766df01850743773
146,,,184d561606bdf215495c967f222fde531eaeff55d643f73ea261687e39ec7ebd
147,,,f7443c621b7250bb1d68e10558c4565d0eb6ae0416380e0bf271554174e9cc6f
148,,,7b3d705290b77aec770c9699034e9a8130855b3f1f8e7a6c75da77879b314613
149,,,6e2c3d6f2d3534f0afe83f96c7a1a6c2efa95a6c6fe9cd97d7c6283a07aa578d
150,,,9c3ffecf4a09f4286e4b17ea328e6279a73425bf5c4b3ecc88fa8d12f3bdd423
151,,,cb9920b810d2632cbf5b140cbb5a718334c9639d3870ad2c26458d412a196458
152,,,6a3de37ca17463bfb0de380e7b49adfc14bd0ea0e90e2e5249f6dd8811aea530
153,,,6853510419f29db9181603d04c6bb8c2b5537f931315f43e48c83dda507ffa1c
154,,,aa4b699c4e3e7e5b24eeb97f5103cce4bc3c2e804be9dba90c20a3952b9a2e47
155,,,3e09bf34e41bf869d93d24ddd9ff339125451cf5ecdc99c91be0307837418f00
156,,,e058eff2e2d8e4e6967db245956a8506f1fd1ac384362f03bab65b9133af3cde
157,,,724d6fd66586515ec3fe544ccb6d1c57281940bae39f330f383ffb7190c43229
158,,,fe5e75f1fe3e16357230c1b4d78ef4d9043e0406ca5c4709c41650a375d404f5
159,,,f886531be3f0fbecc6e99ba136f04eeb7e8bae074937d18981d15d6c3fff72e9
160,,,6ca7ada60241a4d40ae0dee6716c77104d6b6caa9c5b1b8fdd330bef0f6b10d4
161,,,f72756ee24da97d589e36283b0e5cab3ebe485ac7f9a5ce25d6c2f0db3d7869b
162,,,3f1b73ef532a5190b62c836c92485552ea039bf744d1a18c3748219c91be3d0f
163,,,ae8cc17310b87a677339d9ee3e8fa63af25aba53d72c965960d22d781a0fe070
164,,,4fbad6c627734327eca749358e4dcce9b4a86e73e27ac72ed147c4c586d11408
165,,,f0799af83e31965aa30b7a5d487bbe1cddc0e7cbb798913a2a00b1e0e37a1618
166,,,fe4d392db2c6dd7783d5752689963f3135f629faf8386f6dd41c30b9e537cdc9
167,,,fa4f40641b37e6b23961ad9e2dc84044de962b02ea9aaab39d1aba045b0b42c2
168,,,ca947eb6c6a06bc5fff761c9ad2823b9e838ca26da23e01a938cc3475190d8cf
169,,,8fcab5ccf99b1e42403ceecf972bdab9fe7af0174b83355aa61c70f1fa37b527
170,,,d7d980fd31462f9d82dcce5b38616f60a109442f928a63b67e3ee71992901c2a
171,,,f47ea9bc7c817cf6ddbc2dc594d54ac321f80c788f7210a4cf72d6c137c016ed
172,,,583bc655a979dfde46738f7ff96b813390da626705e190f9387dafed0987c7ae
173,,,c9e548aa5a15d2733d6bb7c1e20f61d37630d82c9fcddd96fe650e529b88c4b7
174,,,fc898974a51d96e138daea1eada0b754f6262397036ec3c0805a6010ad02db5e
175,,,eddf5067f15793f40d6176568e74b7d93ff41819c88c720ba467301840f9cb0d
176,,,01ddf4221b1e181cb9dc80ca6108334f03bf0a44f7ca25f342173596133ada2e
177,,,e981fc259ba1b656eb557fddcf4f1fb63f27f0773bb0c352ed083fc405d69607
178,,,0bafe96fca6733469ce9d52cbffb83a677dfa9fc5dad8a269dbe574ff88e6dd8
179,,,c3555f10befa03a034e7d5ce0e46383803ac4afc71529bc98532c26bece02988
180,,,1e817ce2b2d7fb7a3b3964c620842eb9379d1f376a241bbb830f7257cdc8b4c6
181,,,bac35a3d32541c1199477305dfc949ad3302a447ba4dd2780b2efa2ef3e0c418
182,,,9fa5bb1e4d32b3c520cc7a5615c055371efc77707cd7d5d9a06e2a419bc30d41
183,,,2deafe9a0e06b1b1ff1bb624fbc2d93d7fac8c39d9082c0747daba1d2514efa0
184,,,5db37b4e7e6181813ea945ec6beaffef770003abf4e2f9d81f34163e48e20b05
185,,,6ed45db58ada23d87c1d393f32257544c75bdd58250f46f455abe75c0765c5a1
186,,,8ea27c28f0b7c5681cea83265f981e56a9e5d1f38d92a6b914b212b66ade1344
187,,,f1f95790b5e25135a46225eb37f6a8cfb794da31234f0a31ab15ade269111a4d
188,,,6c28bf710d36e401348d3cec5756741a723b7b52488c4a629e0cf793d2ee304e
189,,,ad6765d492ae342f74793cc27f7b5b73292f5850209df4db456b3ac51d00fb80
190,,,c89f77f072bb3e0a78a0ffcaab5c29a9b1d21cda68fbf55105372b4fbfa86ff7
191,,,334d858b050afb465a70946d744a237ba330e867ae74953aae8854a7939f3bfe
192,,,eac9477e19a19397d6a77e4842b6c9f4ce96964e842dce6924b0aa3cf53f24ef
193,,,604875fe0d7b26f8f5bc1c24f8e2bb9fb34dbfd1d345e006d6181f3012a43a33
194,,,b649f9a9310a6c6800ce8ea96680296f85b312631bd6c5ed74abbd3023bf90dc
195,,,3b8cd531da0b275d8055d0153b4813406a956fbaa54bcebe86634eeaeac7508f
196,,,f5456b395556e80a39d9c6835ee0d6fc00fa667aac30458a1782744c49978af5
197,,,7005d7b2d9df62c55c992505196a4a238170feabed481f290d502255f1874db8
198,,,7f62c1bae33b4bf3fa6f2ce18d3e2d0f232e8c65fa7b6aa7586ba492b9af879f
199,,,030ef60c7373d1fa2953345445ba24d9b37f7994a6cdd8ac7e87bb720a6e3d36
200,,,1fba909587211c749c06b062009e55cdefa5aaab0af0061a4e8eb4d04b9a42f8
201,,,61f7676765e5f48843f9b42e7cafe214f0e7637670ca429763585991b09b6e7a
202,,,a64cb916cde4362188480ab3f1eaa3fd925cc359b5f9d810671121ced627427e
203,,,5050b3cf6418da293d8d5f69c749124ee478226fe5dc6b7b31ce79eb8da24979
204,,,a92017d856053bd98883bd9a223f0952e763542db70e6723953975a73abd9c3c
204,,,a92017d856053bd98883bd9a223f0952e763542db70e6723953975a73abd9c3c
205,,,58222e20e1784efa40e5b8328ea1fa67cad62d7c3d325ddb236ac191d2f5b902
205,,,58222e20e1784efa40e5b8328ea1fa67cad62d7c3d325ddb236ac191d2f5b902
206,,,4fe031a933db3d8602c072596b81aa1e57dc17b0fbaacc53af24329ceac541ab
206,,,4fe031a933db3d8602c072596b81aa1e57dc17b0fbaacc53af24329ceac541ab
207,,,743d53a0111026afffee5c325b569c3598a83f7109268b74a2f94ac2c6b6e877
207,,,743d53a0111026afffee5c325b569c3598a83f7109268b74a2f94ac2c6b6e877
208,,,1d2a791c032dc6916e0f093a94f81e7481d650e0082b007389227659d200d0f5
208,,,1d2a791c032dc6916e0f093a94f81e7481d650e0082b007389227659d200d0f5
209,,,6cfe0e7f574ec457b7ee415194dba24a52f9130872c546289ff897bb13dcd3c0
209,,,6cfe0e7f574ec457b7ee415194dba24a52f9130872c546289ff897bb13dcd3c0
210,,,6f58201aa6a20b109b72d8ff235c238b02732fbd6628dc24da76ca312cb569be
210,,,6f58201aa6a20b109b72d8ff235c238b02732fbd6628dc24da76ca312cb569be
211,,,f7f56433431a57810438fdfe1b645963ddf84f5f8d26ea5bc05049ca542a51ad
211,,,f7f56433431a57810438fdfe1b645963ddf84f5f8d26ea5bc05049ca542a51ad
212,,,46bba88f7ad4ee2a67617fc6ab1440eb5cea8020595f9dd340eb9ee525d432cd
212,,,46bba88f7ad4ee2a67617fc6ab1440eb5cea8020595f9dd340eb9ee525d432cd
213,,,485ed28c8468f5baba31327a58184f8dd1d0ca2b649af559b1fbdc63c23ca953
213,,,485ed28c8468f5baba31327a58184f8dd1d0ca2b649af559b1fbdc63c23ca953
214,,,c0bd0b8e4f65061668de320b72c7ca7fc794a781c0601933e650e49c7731a304
214,,,c0bd0b8e4f65061668de320b72c7ca7fc794a781c0601933e650e49c7731a304
215,,,26a4817cfb6c90453b672a7e5820bc248ac7f4897acd636e54d1612e3209aa4f
215,,,26a4817cfb6c90453b672a7e5820bc248ac7f4897acd636e54d1612e3209aa4f
216,,,33fd8971bf5187050d2b1a7909d1c8e03967f2236484d6c84d9b1aa0d83a51b1
216,,,33fd8971bf5187050d2b1a7909d1c8e03967f2236484d6c84d9b1aa0d83a51b1
217,,,f68977cb2f233bf2e1e562ca3bf0a815dd4f0e114f8e0ea5ff3c8cd7a1d279a9
217,,,f68977cb2f233bf2e1e562ca3bf0a815dd4f0e114f8e0ea5ff3c8cd7a1d279a9
218,,,8d8991d4e5ec68f129c0ac1457088f3c5dd5cec57bedd1dbb63e579f1ad403ef
218,,,8d8991d4e5ec68f129c0ac1457088f3c5dd5cec57bedd1dbb63e579f1ad403ef
219,,,a4a1d0346692f9d1506d4ea07f1754535067f157a35bd7f3971bae78d6fcee65
219,,,a4a1d0346692f9d1506d4ea07f1754535067f157a35bd7f3971bae78d6fcee65
220,,,a7ba14afb25d111f6b16afedaf65984d78b1682d00b43e3dc89b187bd0fcf232
220,,,a7ba14afb25d111f6b16afedaf65984d78b1682d00b43e3dc89b187bd0fcf232
221,,,291e1d3ce38548c1ea9baf5ba2c59aa27299b7c0ebc1d205fbb1e5bad40e8f69
221,,,291e1d3ce38548c1ea9baf5ba2c59aa27299b7c0ebc1d205fbb1e5bad40e8f69
222,,,c7572e01ae7004fb1d91e71ee407d8355353b7043f1083c1bbc089bee9ffb5b0
222,,,c7572e01ae7004fb1d91e71ee407d8355353b7043f1083c1bbc089bee9ffb5b0
223,,,f40b8edc77cb0d2bf95e856e703e835d7458e4d843f19deef2a87e50bae3b06a
223,,,f40b8edc77cb0d2bf95e856e703e835d7458e4d843f19deef2a87e50bae3b06a
224,,,ebd8653139ea305e7f363f2321769fabb18dec61f87e3d6bee79f516a255b68c
224,,,ebd8653139ea305e7f363f2321769fabb18dec61f87e3d6bee79f516a255b68c
225,,,6f5b33dabb6256dcaa6828dedd82c319924328a929e93b3d4a91c70756f0b3de
225,,,6f5b33dabb6256dcaa6828dedd82c319924328a929e93b3d4a91c70756f0b3de
226,,,ae8c5c69c64e5e7002f1c08529164cc02fa20bbe9ed76650663cbf23851cf825
226,,,ae8c5c69c64e5e7002f1c08529164cc02fa20bbe9ed76650663cbf23851cf825
227,,,675f147210b8a23762cf3bf937656318e65f39179efe48388db71a0724af0e01
227,,,675f147210b8a23762cf3bf937656318e65f39179efe48388db71a0724af0e01
228,,,d340006e5f2066488403e84599a6829f981cbdf4820997b590b40502ccde8a8f
228,,,d340006e5f2066488403e84599a6829f981cbdf4820997b590b40502ccde8a8f
229,,,a573eccd926d00beaa5d952929125cabdf9940726bc1fc503e1b906894a95ea9
229,,,a573eccd926d00beaa5d952929125cabdf9940726bc1fc503e1b906894a95ea9
230,,,17c9066d46fa30c1e8d425553f85e0fb2e3d3329c61b90725e5e13f6ea39b350
230,,,17c9066d46fa30c1e8d425553f85e0fb2e3d3329c61b90725e5e13f6ea39b350
231,,,f73ec8c1f6ccd4ebfa6044799db495446a5f3c06cf04f4eb432049503e57a195
231,,,f73ec8c1f6ccd4ebfa6044799db495446a5f3c06cf04f4eb432049503e57a195
232,,,8973c4cb860129411f9a30c29901b9153288550e7cdb9c391d8140cf0983cefd
232,,,8973c4cb860129411f9a30c29901b9153288550e7cdb9c391d8140cf0983cefd
233,,,52c5f66d43fbae1eafe9ece7907015649ca6a9290e53f0670e91c4ff7c28e645
233,,,52c5f66d43fbae1eafe9ece7907015649ca6a9290e53f0670e91c4ff7c28e645
234,,,6ca714682bc7d0452661d8a7766703c0474593bb9614f1baa28a2e1144c5ad14
234,,,6ca714682bc7d0452661d8a7766703c0474593bb9614f1baa28a2e1144c5ad14
235,,,677c24e7ca43e855dcb6455270a1da56ccf0a164789975480ed58dbde40053a5
235,,,677c24e7ca43e855dcb6455270a1da56ccf0a164789975480ed58dbde40053a5
236,,,d674d3e1bf926e6307ffcde83eb330f88155cb950f29a9d5a89d5549d012f477
236,,,d674d3e1bf926e6307ffcde83eb330f88155cb950f29a9d5a89d5549d012f477
237,,,64c28b89250063f611aa6518b18a49f0fd5a97fe0348fe17d7bd5383af2626d5
237,,,64c28b89250063f611aa6518b18a49f0fd5a97fe0348fe17d7bd5383af2626d5
238,,,4cb9069ad6adb7fd8861c9451732b22ca9282fc5346757c581e18a3c5504d1d5
238,,,4cb9069ad6adb7fd8861c9451732b22ca9282fc5346757c581e18a3c5504d1d5
239,,,5608c49ac946131c95a52e07c1e0c3c1b53713cb0be52d7654b05685a0aab34c
239,,,5608c49ac946131c95a52e07c1e0c3c1b53713cb0be52d7654b05685a0aab34c
240,,,15a0d9c992d8c115de6f2ca416a8473e09da21507d235ef2b8b5c1c7f859d3f5
240,,,15a0d9c992d8c115de6f2ca416a8473e09da21507d235ef2b8b5c1c7f859d3f5
241,,,8e2e2de7aaf09ef6d4012521f9d19eb098efb69a3f1899888ceef23b666f88af
241,,,8e2e2de7aaf09ef6d4012521f9d19eb098efb69a3f1899888ceef23b666f88af
242,,,14a30214d56249640060b92293293931be9a91642347be2a4ee266b381ec88f1
242,,,14a30214d56249640060b92293293931be9a91642347be2a4ee266b381ec88f1
243,,,f138c86669ed8e5e7cf454da8ae194e562f98bdce89312b7ec631a2849a34b08
243,,,f138c86669ed8e5e7cf454da8ae194e562f98bdce89312b7ec631a2849a34b08
244,,,5d71aeb74678bc09fafdf27e2b60003509bb530a18ecc0463679a5c370172b89
244,,,5d71aeb74678bc09fafdf27e2b60003509bb530a18ecc0463679a5c370172b89
245,,,92895c868c8a1f5141a58df1ec55f72f3f2c7a9888073501a220239e1bc9d750
245,,,92895c868c8a1f5141a58df1ec55f72f3f2c7a9888073501a220239e1bc9d750
246,,,e9e3d4c6882fdf875b3d033c3f241bc3ba092f89c67f9b174b13df39d6fd3d3a
246,,,e9e3d4c6882fdf875b3d033c3f241bc3ba092f89c67f9b174b13df39d6fd3d3a
247,,,74dc294f2bbd501785e63799fb8b9391f8f3c15eb1e1f531bdcea2353cdda6e0
247,,,74dc294f2bbd501785e63799fb8b9391f8f3c15eb1e1f531bdcea2353cdda6e0
248,,,062a2b0cf0467c81044bd5c5fd5b48fa5916e3890d204d2a7d1209c310076713
248,,,062a2b0cf0467c81044bd5c5fd5b48fa5916e3890d204d2a7d1209c310076713
249,,,0a00843f04ca3212f74d61f5f72c85043ad94324a3ed12eb8e10d2953df6bfba
249,,,0a00843f04ca3212f74d61f5f72c85043ad94324a3ed12eb8e10d2953df6bfba
250,,,b066a8b1ac0ac4820570f6bd65364600cce4188b286a523cf9db7b80b7f9ce28
250,,,b066a8b1ac0ac4820570f6bd65364600cce4188b286a523cf9db7b80b7f9ce28
251,,,6c4eefd078cbe0ce958abf338d1421d9dbcad77b73e32ea3091331833020f809
251,,,6c4eefd078cbe0ce958abf338d1421d9dbcad77b73e32ea3091331833020f809
252,,,56cfb5980d2e1640902162b7547222cba83aeec09da723d04891687b443bc94b
252,,,56cfb5980d2e1640902162b7547222cba83aeec09da723d04891687b443bc94b
253,,,ff5970974a6c4c822e0ae7c81cd9001c9eefaf4cb7623c2c671b5be11e9a27b9
253,,,ff5970974a6c4c822e0ae7c81cd9001c9eefaf4cb7623c2c671b5be11e9a27b9
254,,,d41f3d1dd79d3558281fde119a4b0367168f225411660d0ab6e315219e53464c
254,,,d41f3d1dd79d3558281fde119a4b0367168f225411660d0ab6e315219e53464c
255,,,2a35f773418062ee80a6b6ca13c7d560975cb984c71684cdcdddf3c6f577f659
255,,,2a35f773418062ee80a6b6ca13c7d560975cb984c71684cdcdddf3c6f577f659
256,,,7f9fc357aab9d281bf7c6e341578d6e41f2d744ab913707d5bb1ad2f88d09168
256,,,7f9fc357aab9d281bf7c6e341578d6e41f2d744ab913707d5bb1ad2f88d09168
257,,,96761c2bf48dda487cbe3ff7a2d8f2190eafb49ee14cba73ea04ca483a6a5b06
257,,,96761c2bf48dda487cbe3ff7a2d8f2190eafb49ee14cba73ea04ca483a6a5b06
258,,,ec5b854847c5013b44d4af742df0a1bae716907e7cc06929eff713506ab98b68
258,,,ec5b854847c5013b44d4af742df0a1bae716907e7cc06929eff713506ab98b68
259,,,7a4d98eeb3b2d19471ad1649fcc2b7e2532a5d1d17ce2b2b6882e96b0f2b2677
259,,,7a4d98eeb3b2d19471ad1649fcc2b7e2532a5d1d17ce2b2b6882e96b0f2b2677
260,,,4303f2d2cc004a86c68258d2dfc12e55e38a5097c90aff23b23da2153ef3cdcf
260,,,4303f2d2cc004a86c68258d2dfc12e55e38a5097c90aff23b23da2153ef3cdcf
261,,,1f81701fb4c463cad94bfe4d78920253ec0c050e071670eae66548f80f91ef24
261,,,1f81701fb4c463cad94bfe4d78920253ec0c050e071670eae66548f80f91ef24
262,,,440580a656baf1cc563452d029f0aab9b31f48017bc17c7f38ce3b7001a38812
262,,,440580a656baf1cc563452d029f0aab9b31f48017bc17c7f38ce3b7001a38812
263,,,87b9e47a8ab5dc38f54c9f5063475fe588b47306a3d70209d87265157455dfd8
263,,,87b9e47a8ab5dc38f54c9f5063475fe588b47306a3d70209d87265157455dfd8
264,,,d57321c01f98ec5de96b4ef0a3a4e9260456ae3ad8a5e49b34c346619f0f7062
264,,,d57321c01f98ec5de96b4ef0a3a4e9260456ae3ad8a5e49b34c346619f0f7062
265,,,996187045178179c09abe035629e037ae6d80eadf562e8d94d0597c01faca1e7
265,,,996187045178179c09abe035629e037ae6d80eadf562e8d94d0597c01faca1e7
266,,,3c1aee7a767f91818661e1f3e4a152e5579dd073ce682401939b1fc140e3aadd
266,,,3c1aee7a767f91818661e1f3e4a152e5579dd073ce682401939b1fc140e3aadd
267,,,531cef740fccfc8600234f4908116096bc72c304242ebd30b20ff156bcf5d431
267,,,531cef740fccfc8600234f4908116096bc72c304242ebd30b20ff156bcf5d431
268,,,44e4711ffacea541f8b3ec920da45e6f7343bdc46dc1f3c672dd5bcd14616bb2
268,,,44e4711ffacea541f8b3ec920da45e6f7343bdc46dc1f3c672dd5bcd14616bb2
269,,,0b85288d216845c1901a36d80bfde256675ed5cd580a94678f1c20936d6c4f3f
269,,,0b85288d216845c1901a36d80bfde256675ed5cd580a94678f1c20936d6c4f3f
270,,,802531094b1850023df4a9be7f5775ca9232cb1b6c26097f9e1e9b36ba2974a5
270,,,802531094b1850023df4a9be7f5775ca9232cb1b6c26097f9e1e9b36ba2974a5
271,,,8b432543e074410edc57883380c1b51f0c11e469adb95630131b4940907aeac5
271,,,8b432543e074410edc57883380c1b51f0c11e469adb95630131b4940907aeac5
272,,,84e2d5d342e5b65640fa59cb3093b5b215403c3dcc739093ff2dda9736b83355
272,,,84e2d5d342e5b65640fa59cb3093b5b215403c3dcc739093ff2dda9736b83355
273,,,c321d63e21bca12167ed6e9268f038bdb181ea637679634e11838c5dd5d65e5f
273,,,c321d63e21bca12167ed6e9268f038bdb181ea637679634e11838c5dd5d65e5f
274,,,06aacb7488f2cd886de46b59714062e6ec262158e8ae44f895c73259e8b32659
274,,,06aacb7488f2cd886de46b59714062e6ec262158e8ae44f895c73259e8b32659
275,,,057739510e267648a768cbc396152a2e99987fceef418278f0b4cb876f04124a
275,,,057739510e267648a768cbc396152a2e99987fceef418278f0b4cb876f04124a
276,,,45fc1a44885fc162bd3e4bba780a06ddb70e8857edc0156012a31d5c87b67e46
276,,,45fc1a44885fc162bd3e4bba780a06ddb70e8857edc0156012a31d5c87b67e46
277,,,051f03116de3141b328a500f55564e237b199a85d57c1e1d4325e45744106d2f
277,,,051f03116de3141b328a500f55564e237b199a85d57c1e1d4325e45744106d2f
278,,,7306e54a15e10beeda1d3517bcd866c2b4931f5fb37bf70787ba018335f6847e
278,,,7306e54a15e10beeda1d3517bcd866c2b4931f5fb37bf70787ba018335f6847e
279,,,2cd1254049ca302b128c50f99f3666415a7e1fcc9e34666dc90815ee8f1e9367
279,,,2cd1254049ca302b128c50f99f3666415a7e1fcc9e34666dc90815ee8f1e9367
280,,,e61213d74746bb0ca2310ee00e2d135fb237e947bd41c4be22254fc7383ecbf3
280,,,e61213d74746bb0ca2310ee00e2d135fb237e947bd41c4be22254fc7383ecbf3
281,,,d1be4c0a1952152fb230db9929a3d165037d6e5a9b6003fb06b4e716dadeccb9
281,,,d1be4c0a1952152fb230db9929a3d165037d6e5a9b6003fb06b4e716dadeccb9
282,,,dda774b137ccf0ad1261943d5efdd77b599a23741b6c07c8a5289f905d0399ef
282,,,dda774b137ccf0ad1261943d5efdd77b599a23741b6c07c8a5289f905d0399ef
283,,,52d61fd92a52779d5c0040faa0f09f2c68d7fd41ed9f7097d491cfef24cedbaa
283,,,52d61fd92a52779d5c0040faa0f09f2c68d7fd41ed9f7097d491cfef24cedbaa
284,,,271d54973f645201aa36cf338888142871b4571b86c9341d37b57e6df190d9bd
284,,,271d54973f645201aa36cf338888142871b4571b86c9341d37b57e6df190d9bd
285,,,d51326a197303f1a0ca70b4d6d2cb82df23a77938ef710c2ceba15a3e7fd5f0c
285,,,d51326a197303f1a0ca70b4d6d2cb82df23a77938ef710c2ceba15a3e7fd5f0c
286,,,d40a10ed305671b223067a3e1ab94204d822f79276313f0d510211e5d0f4448f
286,,,d40a10ed305671b223067a3e1ab94204d822f79276313f0d510211e5d0f4448f
287,,,4329d17ebda943c1f1b64663348610def06eda05386b1c8a71d2ecb00ae7906d
287,,,4329d17ebda943c1f1b64663348610def06eda05386b1c8a71d2ecb00ae7906d
288,,,fb68ea8ea6d5aba41686a98e4f59e4db6718df1273038b9d8d54f6024d4ed2a7
288,,,fb68ea8ea6d5aba41686a98e4f59e4db6718df1273038b9d8d54f6024d4ed2a7
289,,,3968d1a6666fcadc8aee652ee8130c29392538012d1d125dc7e9bbb1621cd7d0
289,,,3968d1a6666fcadc8aee652ee8130c29392538012d1d125dc7e9bbb1621cd7d0
290,,,612684cb7d1bb9adf4abfe2f5c5a77170f64d6b56e6b09b70ef35a9bca049aa5
290,,,612684cb7d1bb9adf4abfe2f5c5a77170f64d6b56e6b09b70ef35a9bca049aa5
291,,,992fb22080dd32f0fb8718fae05a3f49d67a42baf43d83f417e3ed0b648ea7a2
291,,,992fb22080dd32f0fb8718fae05a3f49d67a42baf43d83f417e3ed0b648ea7a2
292,,,27600e9ed8e8d399f22cc65563a392668ed4f64377c5ec4321f0a28bbbbd3ca0
292,,,27600e9ed8e8d399f22cc65563a392668ed4f64377c5ec4321f0a28bbbbd3ca0
293,,,0321c6738970410ee041297d47707233b64fe02bbf05a886a515288bac8a9bc6
293,,,0321c6738970410ee041297d47707233b64fe02bbf05a886a515288bac8a9bc6
294,,,0d7e5e633c6b05596cbf88ba1146edac3006dc02242fb72bf4d7611909191223
294,,,0d7e5e633c6b05596cbf88ba1146edac3006dc02242fb72bf4d7611909191223
295,,,db54cb8d8cd428ec4ce59d35ee7bc0c475c9b5c3a8f9dad7358ae764c43efc7a
295,,,db54cb8d8cd428ec4ce59d35ee7bc0c475c9b5c3a8f9dad7358ae764c43efc7a
296,,,13e1b839de5eb1739957773fcc5e138f7a3bb7cf2af2f7a645d18f4cf5571a71
296,,,13e1b839de5eb1739957773fcc5e138f7a3bb7cf2af2f7a645d18f4cf5571a71
297,,,59748f6b617b23624645de8a52b1c00671b39cba857e682ce4a9831b20ca3e80
297,,,59748f6b617b23624645de8a52b1c00671b39cba857e682ce4a9831b20ca3e80
298,,,e4cd9476afff8f64efa72efe487ab6aa98910ecd63e195d2b3bbdbf24fa58e9f
298,,,e4cd9476afff8f64efa72efe487ab6aa98910ecd63e195d2b3bbdbf24fa58e9f
299,,,f32c32b854a51d43540a6a0763f4dd713d767b0fbec73d9ccd5e321529192c9d
299,,,f32c32b854a51d43540a6a0763f4dd713d767b0fbec73d9ccd5e321529192c9d
300,,,6b38454660a5c976c51740643ab360d330deeb7b821ff54f83970404ead9e453
300,,,6b38454660a5c976c51740643ab360d330deeb7b821ff54f83970404ead9e453
301,wendy-the-banker,587645e2-5ace-11ed-9b6a-0242ac120002,222318f25d7a6d58718aa223410c578e3a49b9337bbc592298409bd41eb1d037
301,wendy-the-banker,587645e2-5ace-11ed-9b6a-0242ac120002,222318f25d7a6d58718aa223410c578e3a49b9337bbc592298409bd41eb1d037
302,uduak-the-dark horse,58764862-5ace-11ed-9b6a-0242ac120002,b4763b78ef4b52e99f733b61775668955b47984a8db98d07dc359755d0de5869
302,uduak-the-dark horse,58764862-5ace-11ed-9b6a-0242ac120002,b4763b78ef4b52e99f733b61775668955b47984a8db98d07dc359755d0de5869
303,timeyin -the -eccentric,58764a2e-5ace-11ed-9b6a-0242ac120002,5f52cc77e06be6f199b08a424a3bbf108e74c0c9dca46edc48dd86c40ee8d34d
303,timeyin -the -eccentric,58764a2e-5ace-11ed-9b6a-0242ac120002,5f52cc77e06be6f199b08a424a3bbf108e74c0c9dca46edc48dd86c40ee8d34d
304,omawunmi -the -businesswoman,58764b78-5ace-11ed-9b6a-0242ac120002,e34c3abf0cbfd258f2c1818259e941ecef0ada5cccabe8e0f8ce3c8999880f68
304,omawunmi -the -businesswoman,58764b78-5ace-11ed-9b6a-0242ac120002,e34c3abf0cbfd258f2c1818259e941ecef0ada5cccabe8e0f8ce3c8999880f68
305,halima -the -housewife,58764d8a-5ace-11ed-9b6a-0242ac120002,b68830afe6f02eb19a95f3cb44cfcf8fe7764a16366b3b928e4526f09d2f593e
305,halima -the -housewife,58764d8a-5ace-11ed-9b6a-0242ac120002,b68830afe6f02eb19a95f3cb44cfcf8fe7764a16366b3b928e4526f09d2f593e
306,muna -the -block sister,58764ea2-5ace-11ed-9b6a-0242ac120002,9ab7239ffe2bfc22debffe7002944a50a926201b9fe0f87b7519e3eb6e158926
306,muna -the -block sister,58764ea2-5ace-11ed-9b6a-0242ac120002,9ab7239ffe2bfc22debffe7002944a50a926201b9fe0f87b7519e3eb6e158926
307,stella -the -gossip,58764fd8-5ace-11ed-9b6a-0242ac120002,3344c97df7d6d60308ae0be8b4f015901829ec367e9f8dd072a08700d09e92b1
307,stella -the -gossip,58764fd8-5ace-11ed-9b6a-0242ac120002,3344c97df7d6d60308ae0be8b4f015901829ec367e9f8dd072a08700d09e92b1
308,agbani -the -wannabe,5876542e-5ace-11ed-9b6a-0242ac120002,43c2cad3a4066543db2f91253a2217f3b3c5e80b15f0c5165568aa8493c2384c
308,agbani -the -wannabe,5876542e-5ace-11ed-9b6a-0242ac120002,43c2cad3a4066543db2f91253a2217f3b3c5e80b15f0c5165568aa8493c2384c
309,asante-the -warrior,58765578-5ace-11ed-9b6a-0242ac120002,cfa1e469b85bd929d7866cba8a96a772f18d808902131a1ea57a96a1db6c87e5
309,asante-the -warrior,58765578-5ace-11ed-9b6a-0242ac120002,cfa1e469b85bd929d7866cba8a96a772f18d808902131a1ea57a96a1db6c87e5
310,hilda -the insomaniac,5876569a-5ace-11ed-9b6a-0242ac120002,cd4f04165c669aacedc65021f7ce4584ca41ea875b00ad753b7487597582c074
310,hilda -the insomaniac,5876569a-5ace-11ed-9b6a-0242ac120002,cd4f04165c669aacedc65021f7ce4584ca41ea875b00ad753b7487597582c074
311,sisi yemi-the -street aunty,587657a8-5ace-11ed-9b6a-0242ac120002,0ed874da3efe266688d7bb7128fc28db6c655cf5ab39446cd2a465ca9eab57d1
311,sisi yemi-the -street aunty,587657a8-5ace-11ed-9b6a-0242ac120002,0ed874da3efe266688d7bb7128fc28db6c655cf5ab39446cd2a465ca9eab57d1
312,chiamaka -the -bully,587658ca-5ace-11ed-9b6a-0242ac120002,8a23fd9c00087966c05cfe8ec8d589d74c7b0ba659ac11bdca09e14f36b4dc34
312,chiamaka -the -bully,587658ca-5ace-11ed-9b6a-0242ac120002,8a23fd9c00087966c05cfe8ec8d589d74c7b0ba659ac11bdca09e14f36b4dc34
313,gift-the-fashionista,58765adc-5ace-11ed-9b6a-0242ac120002,0eb63f84f6f15d9f342953bd310127e8cb160f462c8dd8a0a58a405ad276e49a
313,gift-the-fashionista,58765adc-5ace-11ed-9b6a-0242ac120002,0eb63f84f6f15d9f342953bd310127e8cb160f462c8dd8a0a58a405ad276e49a
314,omoyene-the-weirdo,58765bea-5ace-11ed-9b6a-0242ac120002,40c78419b49ed61a27b3843119559eea608a29794716b3c9545c558274d2bec0
314,omoyene-the-weirdo,58765bea-5ace-11ed-9b6a-0242ac120002,40c78419b49ed61a27b3843119559eea608a29794716b3c9545c558274d2bec0
315,maria-the -freshface,58765d02-5ace-11ed-9b6a-0242ac120002,c44a2fd72381e36b47e1bea54812593dc15800a98c3539a4142bd9716bbac02c
315,maria-the -freshface,58765d02-5ace-11ed-9b6a-0242ac120002,c44a2fd72381e36b47e1bea54812593dc15800a98c3539a4142bd9716bbac02c
316,monica-the-smoker,58765e24-5ace-11ed-9b6a-0242ac120002,d42f35e8ad7859c98bc251cbc82c64b2d7e1cdc0680c631df61c943086c267d5
316,monica-the-smoker,58765e24-5ace-11ed-9b6a-0242ac120002,d42f35e8ad7859c98bc251cbc82c64b2d7e1cdc0680c631df61c943086c267d5
317,,,1925d730f20b27d54be92e8a9622f9c4a06f685383a2bf53ff0459624e5b1194
317,,,1925d730f20b27d54be92e8a9622f9c4a06f685383a2bf53ff0459624e5b1194
318,,,f3afb308083a1437f8061aa5f0edcccb768ea5ddf6664130816e940eba01e579
318,,,f3afb308083a1437f8061aa5f0edcccb768ea5ddf6664130816e940eba01e579
319,,,79fa869cdf4fee272079c8e59b63c69dc4d717a568041ab39d50de6754f54cb3
319,,,79fa869cdf4fee272079c8e59b63c69dc4d717a568041ab39d50de6754f54cb3
320,,,262a0001d46adba85a18c6e640782e2c212f44d1649b3788fca113c3a9f320f0
320,,,262a0001d46adba85a18c6e640782e2c212f44d1649b3788fca113c3a9f320f0
321,,,f8cf683bffac6ee642b726dd85112c5a5a1a2218955b7d3035b6493f501e2d61
321,,,f8cf683bffac6ee642b726dd85112c5a5a1a2218955b7d3035b6493f501e2d61
322,,,07c504e69fdec8aef48ce720caba5922474a5294fe4b9820c1c02e1524d55d8c
322,,,07c504e69fdec8aef48ce720caba5922474a5294fe4b9820c1c02e1524d55d8c
323,,,ec140781a5e4e1e3ff0baa0cd1233c030add58160a92309eceab04f3bd1ad7bf
323,,,ec140781a5e4e1e3ff0baa0cd1233c030add58160a92309eceab04f3bd1ad7bf
324,,,126c94193ede0b3f965fd30cb6a25394f6373437eec93825769a46c3660debd4
324,,,126c94193ede0b3f965fd30cb6a25394f6373437eec93825769a46c3660debd4
325,,,1a905601cc077fd7ce07bdcbe3dd378f44cb87aa2908ee82c53d469a9af885e0
325,,,1a905601cc077fd7ce07bdcbe3dd378f44cb87aa2908ee82c53d469a9af885e0
326,,,706b488ed9b1b629826c203c78cf8908e56a5092b1366d8f0c704de631d3013d
326,,,706b488ed9b1b629826c203c78cf8908e56a5092b1366d8f0c704de631d3013d
327,,,3b984420c7edf9df3c5b6cd78d874fc6fe082d858621f72a443a5be4c49272cc
327,,,3b984420c7edf9df3c5b6cd78d874fc6fe082d858621f72a443a5be4c49272cc
328,,,9369b7915e2e858d2c55f5212ff29f8acfa507bd320aa2acd96bd1599dbdf486
328,,,9369b7915e2e858d2c55f5212ff29f8acfa507bd320aa2acd96bd1599dbdf486
329,,,5461c33e165832447fca7a2488d24d23e85e34c284ebf7353d802a9caf137420
329,,,5461c33e165832447fca7a2488d24d23e85e34c284ebf7353d802a9caf137420
330,,,9cb5e846f75d12045e3742f78b7e2f327dc3d8f31262078832c4de938131ee5f
330,,,9cb5e846f75d12045e3742f78b7e2f327dc3d8f31262078832c4de938131ee5f
331,,,c41c8dcd74247cb6fe262c978e48c485ef6f62b2db588182e162f6d32081f03b
331,,,c41c8dcd74247cb6fe262c978e48c485ef6f62b2db588182e162f6d32081f03b
332,,,88e545001ace1b10a70210f0d2570dc8df38419672009acdbfdef0f71da4c1b9
332,,,88e545001ace1b10a70210f0d2570dc8df38419672009acdbfdef0f71da4c1b9
333,,,91872def698c67dd8c9f0452d6a4efacdc92b2df5c12679cc6cf4d3974c00e60
333,,,91872def698c67dd8c9f0452d6a4efacdc92b2df5c12679cc6cf4d3974c00e60
334,,,a12af49f8d415b10ce7b5e8aeed587a0bec4b03c05bf0a3b4e12dc3791745212
334,,,a12af49f8d415b10ce7b5e8aeed587a0bec4b03c05bf0a3b4e12dc3791745212
335,,,5c5d55335d8658d01dcf73d9f3a2ee3f6d0301197452982fc60d9f99db658bd6
335,,,5c5d55335d8658d01dcf73d9f3a2ee3f6d0301197452982fc60d9f99db658bd6
336,,,e1cf1f53903b69e9ecf8387ebaa97c728776f24838dbd46d201332da9bb71488
336,,,e1cf1f53903b69e9ecf8387ebaa97c728776f24838dbd46d201332da9bb71488
337,,,4cf1d72d445d640808eaaad7210304d837924a7ebc111b3b4550d2877a16fdea
337,,,4cf1d72d445d640808eaaad7210304d837924a7ebc111b3b4550d2877a16fdea
338,,,478f9f6ecd160c0d2e70b292ddd35e0679e354a627f98bf9ce2ff17025ce0bce
338,,,478f9f6ecd160c0d2e70b292ddd35e0679e354a627f98bf9ce2ff17025ce0bce
339,,,c420ad171253a7d39e6c394b245bc48e1b009fd5a42afbf4608f15aa4c988a46
339,,,c420ad171253a7d39e6c394b245bc48e1b009fd5a42afbf4608f15aa4c988a46
340,,,522312c448f5e1016851be31c03b45b31b17074b5129a5f9170277cb166cc2ed
340,,,522312c448f5e1016851be31c03b45b31b17074b5129a5f9170277cb166cc2ed
341,mansur-the-partyrider,78db0f29-3936-4d9c-bb90-3dbf20dba2dd,07c42704f6195d5bf8d52c92bc838e1c5bf8af9f4b5b1b87a9dd19c94fc94dec
341,mansur-the-partyrider,78db0f29-3936-4d9c-bb90-3dbf20dba2dd,07c42704f6195d5bf8d52c92bc838e1c5bf8af9f4b5b1b87a9dd19c94fc94dec
342,tola-the-businessman,1c5d5a6b-cf04-4bf9-978e-22a7e9bc5819,b5f78ed9151db154744475ef26cb5095f56915bcf82f850530ffba79ff50ea80
342,tola-the-businessman,1c5d5a6b-cf04-4bf9-978e-22a7e9bc5819,b5f78ed9151db154744475ef26cb5095f56915bcf82f850530ffba79ff50ea80
343,abdullahi-the-honorable,dd708276-445f-4483-8357-fc08e999328f,3c3df3df9a3a948fd74a9a4859f1d934af29bc92762a7723e8d7f6f584dae6f1
343,abdullahi-the-honorable,dd708276-445f-4483-8357-fc08e999328f,3c3df3df9a3a948fd74a9a4859f1d934af29bc92762a7723e8d7f6f584dae6f1
344,ojukwu-the-badguy,76c1eabf-15ea-446a-8426-472982c4d800,3dfd9c527fa500cd5f2766f67e37e726bdbf8a34a37a78176a90e007cc3ce643
344,ojukwu-the-badguy,76c1eabf-15ea-446a-8426-472982c4d800,3dfd9c527fa500cd5f2766f67e37e726bdbf8a34a37a78176a90e007cc3ce643
345,odunsi-the-egbonadugbo,2912ab8b-5875-4277-a5c2-a0209aee90ae,a810f53a5ff517f03892d1b7bf54ff6af53163473e15f60487d0badf865abb9c
345,odunsi-the-egbonadugbo,2912ab8b-5875-4277-a5c2-a0209aee90ae,a810f53a5ff517f03892d1b7bf54ff6af53163473e15f60487d0badf865abb9c
346,ogogo-the-sugardaddy,aa575f30-04ad-45f9-a798-199465117793,97e3a1a62159b17c2166a6b95de29bd0b9f0150e505e0997e1d2793c897e7cfa
346,ogogo-the-sugardaddy,aa575f30-04ad-45f9-a798-199465117793,97e3a1a62159b17c2166a6b95de29bd0b9f0150e505e0997e1d2793c897e7cfa
347,suli-the-amalaseller,46fd4821-04dd-4f65-9290-c130a00c4c93,e8c2c6227abab3c475e66e62d2497ebf9fcf073d8233210ad03aefd8e888b862
347,suli-the-amalaseller,46fd4821-04dd-4f65-9290-c130a00c4c93,e8c2c6227abab3c475e66e62d2497ebf9fcf073d8233210ad03aefd8e888b862
348,dolapo-the-afrocentric,cbab232b-5c62-4df8-867b-018a2e496cd4,29119a9b3aa8d9850c6151e715b81694f9e5fcd1215d4f35676fc0aaf07fb88c
348,dolapo-the-afrocentric,cbab232b-5c62-4df8-867b-018a2e496cd4,29119a9b3aa8d9850c6151e715b81694f9e5fcd1215d4f35676fc0aaf07fb88c
349,danjuma-the-saddist,5a42af57-186e-425b-b6b1-f72bda4911ef,63db133467371558ac7e8f2c76e6f46fdc7fc6f1bb5113147f495a5a87cdaa56
349,danjuma-the-saddist,5a42af57-186e-425b-b6b1-f72bda4911ef,63db133467371558ac7e8f2c76e6f46fdc7fc6f1bb5113147f495a5a87cdaa56
350,chinedu-the-farmer,9e8a55d7-0d8d-465d-a628-08ddd387a2c6,91080261ce2b1a3d20335b478dc564479e8ec9ca4f612be17e2664e9f0307440
350,chinedu-the-farmer,9e8a55d7-0d8d-465d-a628-08ddd387a2c6,91080261ce2b1a3d20335b478dc564479e8ec9ca4f612be17e2664e9f0307440
351,kola-the-baldguy,c32f1757-da9c-49e8-bd79-510a42b6971a,1391b99a22e1331c0ec5ddb7b3799c477d2bf4da9981085fc586871245b55b94
351,kola-the-baldguy,c32f1757-da9c-49e8-bd79-510a42b6971a,1391b99a22e1331c0ec5ddb7b3799c477d2bf4da9981085fc586871245b55b94
352,bola-the-bosslady,09ff910d-a2be-49d5-8b27-b9378458701c,e16b77671ba227bc31a2c438f28f3f9318431c683b0e1f2f9a117b8d6bc97e0b
352,bola-the-bosslady,09ff910d-a2be-49d5-8b27-b9378458701c,e16b77671ba227bc31a2c438f28f3f9318431c683b0e1f2f9a117b8d6bc97e0b
353,kunle-the-alienguy,dea2f5d8-e3ba-4d3f-9a17-0a7edfd0c100,16c2211b933ada1bc61abad9e3215efee52a8d388a86b1a859636488e6f5bf58
353,kunle-the-alienguy,dea2f5d8-e3ba-4d3f-9a17-0a7edfd0c100,16c2211b933ada1bc61abad9e3215efee52a8d388a86b1a859636488e6f5bf58
354,segun-the-sharp,f9159a9c-f48d-4aee-bcc1-63c86209f806,a4bdeb538c3cd31b0f07b53730eb84d38320ecd23de6bfbf2b75ffef32546c6d
354,segun-the-sharp,f9159a9c-f48d-4aee-bcc1-63c86209f806,a4bdeb538c3cd31b0f07b53730eb84d38320ecd23de6bfbf2b75ffef32546c6d
355,ola-the-hardguy,a814fc77-bdfa-4e50-8ba8-3e4e4bcfb3c0,0bee46c91839720d75ef53137270311735e27bbbe45517373267ff2af6b3edca
355,ola-the-hardguy,a814fc77-bdfa-4e50-8ba8-3e4e4bcfb3c0,0bee46c91839720d75ef53137270311735e27bbbe45517373267ff2af6b3edca
356,emeka-the-chief,195e89c8-0b6f-43ad-9a2c-d20f03439e96,81e837925f3fac1f40ad41738490c733177123ee66ae8ede4feba2ff42d07aac
356,emeka-the-chief,195e89c8-0b6f-43ad-9a2c-d20f03439e96,81e837925f3fac1f40ad41738490c733177123ee66ae8ede4feba2ff42d07aac
357,ugochukwu-the-celeb,74775cda-cff4-4d21-8819-693127598eca,b92ca17c4f9e7782cd5801babbf107628ce0f0e544198788e51caadb11109d75
357,ugochukwu-the-celeb,74775cda-cff4-4d21-8819-693127598eca,b92ca17c4f9e7782cd5801babbf107628ce0f0e544198788e51caadb11109d75
358,adekunle-the-yorubademon,5c98c2d8-3144-4e08-8a0f-9b8d7e4f5aa7,7befafc49cd8cbd0b342b82c95b3fe133da17b501f02dc3f3a64e6bf31723509
358,adekunle-the-yorubademon,5c98c2d8-3144-4e08-8a0f-9b8d7e4f5aa7,7befafc49cd8cbd0b342b82c95b3fe133da17b501f02dc3f3a64e6bf31723509
359,favour-the-fashionista,19fc15c3-80fe-4d45-a2fe-be8f087d57c4,9b6ee8e20fcb8bf7fa3946886c86a3cace1b0b2b678f911d02b72fb99b25e796
359,favour-the-fashionista,19fc15c3-80fe-4d45-a2fe-be8f087d57c4,9b6ee8e20fcb8bf7fa3946886c86a3cace1b0b2b678f911d02b72fb99b25e796
360,jane-the-slayqueen,74775cda-cff4-4d21-8819-693127598eca,e63c3dc5367ec136941ea856680a76250d97f5b92f33b38a1711ccf318879f0b
360,jane-the-slayqueen,74775cda-cff4-4d21-8819-693127598eca,e63c3dc5367ec136941ea856680a76250d97f5b92f33b38a1711ccf318879f0b
361,,,ff86009005f3a87e33b92b435f78bd9722754dc979c148db0f55b2d27ed520a7
361,,,ff86009005f3a87e33b92b435f78bd9722754dc979c148db0f55b2d27ed520a7
362,,,d8ffc3884513d5ee2638bed16679bd7069be52c7b36c7d45ce61e8e582557640
362,,,d8ffc3884513d5ee2638bed16679bd7069be52c7b36c7d45ce61e8e582557640
363,,,5f11ba3193623eddf9601d9c9bd6b583b63e30b36dc11b3dea12f75b3bd01c86
363,,,5f11ba3193623eddf9601d9c9bd6b583b63e30b36dc11b3dea12f75b3bd01c86
364,,,10443e74c74459ba31f7c4db64d9b1cef7e48ac1f4b7cabe2f9cfb1d059c5557
364,,,10443e74c74459ba31f7c4db64d9b1cef7e48ac1f4b7cabe2f9cfb1d059c5557
365,,,a4e69718f0d4d2721e56181d6069669361bf4a5aad7ec8432e06bbcdaa2194ec
365,,,a4e69718f0d4d2721e56181d6069669361bf4a5aad7ec8432e06bbcdaa2194ec
366,,,b60c2c110d4b944716ead76b0a85b6f0d7b000b62861180a14f4ee67ba93a57f
366,,,b60c2c110d4b944716ead76b0a85b6f0d7b000b62861180a14f4ee67ba93a57f
367,,,3f19ee95ba163b75aba9ac3db0526e2c81d54691299dcb2936c76aeafe50928c
367,,,3f19ee95ba163b75aba9ac3db0526e2c81d54691299dcb2936c76aeafe50928c
368,,,3a503d7409d75d8230f83b5bfc4005cd9109ac9c035b50816947d6af88481bfd
368,,,3a503d7409d75d8230f83b5bfc4005cd9109ac9c035b50816947d6af88481bfd
369,,,cf37365ac5997b2bb031b235ff4701b085d73799e5d408197c82af94feaeb0b0
369,,,cf37365ac5997b2bb031b235ff4701b085d73799e5d408197c82af94feaeb0b0
370,,,35014f693b65c28054d42bf94c7700ea8d1a18d4f5c289d4ae667a56b322a098
370,,,35014f693b65c28054d42bf94c7700ea8d1a18d4f5c289d4ae667a56b322a098
371,,,0670387df59c2fed6c042e960de00ed0b183a1cda160bfbfdadf6038be7ac9f6
371,,,0670387df59c2fed6c042e960de00ed0b183a1cda160bfbfdadf6038be7ac9f6
372,,,b628031408e18807c74106c083bbe1f2abd73e2d810910a7d3af8156fc540262
372,,,b628031408e18807c74106c083bbe1f2abd73e2d810910a7d3af8156fc540262
373,,,dd5e633b4edee2d6ed9db724f2611523e6e8abdcef3eb8a765955bc373229b11
373,,,dd5e633b4edee2d6ed9db724f2611523e6e8abdcef3eb8a765955bc373229b11
374,,,f44d9547fb25fb6413b580aa35f2540aa0e17c7665fb723ffc4b6e220713f8c7
374,,,f44d9547fb25fb6413b580aa35f2540aa0e17c7665fb723ffc4b6e220713f8c7
375,,,d5adadf4a1d53891920ab219d805e1a1f0d3caa5812e6a97ee116218fe42df7e
375,,,d5adadf4a1d53891920ab219d805e1a1f0d3caa5812e6a97ee116218fe42df7e
376,,,7f1e2c15f7a4d060216e094a43c940ac0a9a2871e18903745328eba7565529ff
376,,,7f1e2c15f7a4d060216e094a43c940ac0a9a2871e18903745328eba7565529ff
377,,,63f62a3df56f38abbf8f640e67f67a1cb698469816a2c5d5980ef5c59fb120d5
377,,,63f62a3df56f38abbf8f640e67f67a1cb698469816a2c5d5980ef5c59fb120d5
378,,,e2536bce99cf3796055d535afda8ea8cd12ff665ff29c025e0aee8211efd9feb
378,,,e2536bce99cf3796055d535afda8ea8cd12ff665ff29c025e0aee8211efd9feb
379,,,4e7efb42ca9e507e1e0e0d97a759778f31769c1bf57a2db27f90533c9bbfaad9
379,,,4e7efb42ca9e507e1e0e0d97a759778f31769c1bf57a2db27f90533c9bbfaad9
380,,,2ab2d6a9148e4360e4a0d2b51c4a1a58de0f7c21f315e7a7fc995f375283e0e2
380,,,2ab2d6a9148e4360e4a0d2b51c4a1a58de0f7c21f315e7a7fc995f375283e0e2
381,,,22ee84ff410a2f908ee3b61a618d9819314386e7a94dcffd46aaae43eb4b4b06
381,,,22ee84ff410a2f908ee3b61a618d9819314386e7a94dcffd46aaae43eb4b4b06
382,,,afe24ab2ea5e9ed9fc47291083514f411f498901456aaf23a18c1d6798df614b
382,,,afe24ab2ea5e9ed9fc47291083514f411f498901456aaf23a18c1d6798df614b
383,,,2a21e86a9b51487ccc7b2828662e8340ce86232cb80bb9bfaa0dc4cf2c39a43c
383,,,2a21e86a9b51487ccc7b2828662e8340ce86232cb80bb9bfaa0dc4cf2c39a43c
384,,,7fecf003141d59b0cdc0a537b18b37e9d204f292e1b64826526057803159232c
384,,,7fecf003141d59b0cdc0a537b18b37e9d204f292e1b64826526057803159232c
385,,,0d1533b013eb1d4d7e0deb1f2e80a227135b8e9bd32eaffee04eb5543c0fbc57
385,,,0d1533b013eb1d4d7e0deb1f2e80a227135b8e9bd32eaffee04eb5543c0fbc57
386,,,67f03d0505097d2f37312b1179d33dc4f785b67825474e1650fb3622807819a8
386,,,67f03d0505097d2f37312b1179d33dc4f785b67825474e1650fb3622807819a8
387,,,d0e0d71762fba540bb038ec24f9c54b79d7ef18b8000d2c85f852d1901455881
387,,,d0e0d71762fba540bb038ec24f9c54b79d7ef18b8000d2c85f852d1901455881
388,,,f8a3d409c2de29081690e14769aea0a92f6abb4c82d5506b92522d1b5c058deb
388,,,f8a3d409c2de29081690e14769aea0a92f6abb4c82d5506b92522d1b5c058deb
389,,,e4f947f4391d9e7d3cf4c6be8b35cca922ac8650d0a541bbe03afd196e20ed10
389,,,e4f947f4391d9e7d3cf4c6be8b35cca922ac8650d0a541bbe03afd196e20ed10
390,,,4342cb0bd14961bf337b2cf1753f497339a5c8c35a3c856932f05b9274e22040
390,,,4342cb0bd14961bf337b2cf1753f497339a5c8c35a3c856932f05b9274e22040
391,,,ca7b29c25505abd870c474576a367fa8bf34fa4a6bc8282da1a90a0ed51127b4
391,,,ca7b29c25505abd870c474576a367fa8bf34fa4a6bc8282da1a90a0ed51127b4
392,,,3b462f58def0507dfba8d75367498550e6d433077d3167af05060ccbed1f2d80
392,,,3b462f58def0507dfba8d75367498550e6d433077d3167af05060ccbed1f2d80
